"","first.first","first.middle","first.last","middle.first","middle.middle","middle.last","last.first","last.middle","last.last","size","band","first.start","second.start","last.start","last.second","maxDyLowerEst"
"1",0,0.076058005175692,0.11709098624372,0.076058005175692,0.0184306745311908,0.0594737382941335,0.11709098624372,0.0594737382941335,0,6,NA,NA,NA,NA,NA,0.0576273306445012
"2",0,0.0198727954512698,0.0267960095398045,0.0198727954512698,0,0.0200053240696038,0.0267960095398045,0.0200053240696038,0,4,"3A","X:2426474-2426626","X:2426936-2427088","X:2426628-2426780","X:2426782-2426934",0.0200053240696038
"3",0,0.0734880763385961,0.138793617767558,0.0734880763385961,0.00413244457063009,0.0731073448495523,0.138793617767558,0.0731073448495523,0,5,"4B","X:4130132-4130293","X:4130810-4130967","X:4130299-4130460","X:4130633-4130797",0.069355631767966
"4",0,0.209229932545084,0.260794023340485,0.209229932545084,0.0663292291434249,0.0983041357098165,0.260794023340485,0.0983041357098165,0,9,"4C","X:4383278-4383429","X:4384591-4384749","X:4383431-4383595","X:4384426-4384589",0.142900703401659
"5",0,0.0016412163678182,0.0419802943270307,0.0016412163678182,0.00326102441070836,0.0464781485475613,0.0419802943270307,0.0464781485475613,0,6,"6E","X:6951289-6951441","X:6952063-6952112","X:6951443-6951596","X:6951908-6952061",0.0432171241368529
