"","first.first","first.middle","first.last","middle.first","middle.middle","middle.last","last.first","last.middle","last.last","size","band","first.start","second.start","last.start","last.second","maxDyLowerEst"
"1",0,0.178317757469361,0.176817559066085,0.178317757469361,0.0260455544259397,0.0629772081134672,0.176817559066085,0.0629772081134672,0,18.8,NA,NA,NA,NA,NA,0.152272203043421
"2",0,0.12966002590833,0.162233957145448,0.12966002590833,0.0345613426258731,0.0418609983598188,0.162233957145448,0.0418609983598188,0,35,"2D","X:2114248-2114375","X:2119745-2119890","X:2114376-2114538","X:2119581-2119744",0.0950986832824569
"3",0,0.237564537849804,0.176070290786495,0.237564537849804,0.0635366908179669,0.156165203212983,0.176070290786495,0.156165203212983,0,42,"2F","X:2309024-2309144","X:2316014-2316144","X:2309560-2309652","X:2315852-2316014",0.174027847031838
"4",0,0.274182585149028,0.261880836595335,0.274182585149028,0.0272261188686257,0.0847067379293569,0.261880836595335,0.0847067379293569,0,6,"3A","X:2558819-2558877","X:2559534-2559696","X:2558879-2559040","X:2559370-2559532",0.246956466280402
"5",0,0.224588023808866,0.258309096172374,0.224588023808866,0.00490361981723287,0.0321531010651774,0.258309096172374,0.0321531010651774,0,7,"4B","X:4155073-4155225","X:4156052-4156210","X:4155227-4155390","X:4155887-4156050",0.219684403991633
"6",0,0.0255936146307746,0.0255936146307746,0.0255936146307746,0,0,0.0255936146307746,0,0,4,"5D","X:6133548-6133706","X:6134044-6134204","X:6133712-6133872","X:6133878-6134038",0.0255936146307746
